ref,value,footprint,function
BST1,"XL6009-5V-4A","Connector_PinHeader_2.54mm:PinHeader_1x04_P2.54mm_Vertical","boost module 4 A (3.0-4.2 V in; heatsink on for 3 A+ sustained)"
BT1,"BLP673-4.2Ah","Connector_PinHeader_2.54mm:PinHeader_1x02_P2.54mm_Vertical","LiPo pouch BLP673 3.85 V 4230 mAh (cell return = CELL_NEG)"
C1,"100n-50V","Capacitor_SMD:C_0603_1608Metric","light-AO filter"
C10,"100n-50V","Capacitor_SMD:C_0603_1608Metric","water input filter"
C11,"100n-50V","Capacitor_SMD:C_0603_1608Metric","pump terminal RF shunt"
C2,"1000u-10V","Capacitor_THT:CP_Radial_D8.0mm_P3.50mm","5 V bulk at module entry"
C3,"100n-50V","Capacitor_SMD:C_0603_1608Metric","5 V ceramic at module entry"
C4,"100n-50V","Capacitor_SMD:C_0603_1608Metric","DHT VCC decoupling at U2"
C5,"10u-6V3","Capacitor_SMD:C_0603_1608Metric","+3V3 bulk at U1-11"
C6,"100n-50V","Capacitor_SMD:C_0603_1608Metric","tank header decoupling"
C7,"100n-50V","Capacitor_SMD:C_0603_1608Metric","soil header decoupling"
C8,"100n-50V","Capacitor_SMD:C_0603_1608Metric","light header decoupling"
C9,"100n-50V","Capacitor_SMD:C_0603_1608Metric","soil input filter"
CHG1,"TP4056-TypeC-DW01A","Connector_PinHeader_2.54mm:PinHeader_1x04_P2.54mm_Vertical","charger module (5 V in via on-board USB-C; load on OUT)"
D1,"1N5822","Diode_THT:D_DO-41_SOD81_P7.62mm_Horizontal","pump flyback 3A class (K to PUMP_5V branch)"
D2,"GROW-LED-5V-20CM-2A","Connector_PinHeader_2.54mm:PinHeader_1x02_P2.54mm_Vertical","full-spectrum strip (A to fused +5V, K to LED_LO)"
F1,"Polyfuse-5A-hold","Fuse:Fuse_2920_7451Metric","pack overcurrent (interlocked max ~5.5 A in at 3.0 V)"
F2,"Polyfuse-1.5A-hold","Fuse:Fuse_1812_4532Metric","pump branch (1 A run / 2 A stall)"
F3,"Polyfuse-2.5A-hold","Fuse:Fuse_1812_4532Metric","LED branch (2 A strip, 1.25x rule)"
J1,"WATER-1x03","Connector_PinHeader_2.54mm:PinHeader_1x03_P2.54mm_Vertical","tank probe (VCC/AO/GND)"
J2,"SOIL-1x03","Connector_PinHeader_2.54mm:PinHeader_1x03_P2.54mm_Vertical","soil probe (3V3/AO/GND)"
J3,"LIGHT-SENS-1x03","Connector_PinHeader_2.54mm:PinHeader_1x03_P2.54mm_Vertical","light module (3V3/AO/GND)"
J4,"PROG-1x04","Connector_PinHeader_2.54mm:PinHeader_1x04_P2.54mm_Vertical","flash header (adapter TX->J4-1, RX<-J4-2)"
M1,"PUMP-5V-1A","Connector_PinHeader_2.54mm:PinHeader_1x02_P2.54mm_Vertical","micro pump (1 A run / 2 A stall, off-board)"
Q1,"IRLZ44N","Package_TO_SOT_THT:TO-220-3_Vertical","pump low-side N-MOSFET (logic-level)"
Q2,"IRLZ44N","Package_TO_SOT_THT:TO-220-3_Vertical","light low-side N-MOSFET (logic-level)"
R1,"4.7K","Resistor_SMD:R_0603_1608Metric","DHT pull-up (MTDO-HIGH strapping)"
R10,"1K","Resistor_SMD:R_0603_1608Metric","soil input series"
R11,"1K","Resistor_SMD:R_0603_1608Metric","water input series"
R2,"220","Resistor_SMD:R_0603_1608Metric","pump gate stopper"
R3,"10K","Resistor_SMD:R_0603_1608Metric","pump gate pulldown (OFF at boot)"
R4,"220","Resistor_SMD:R_0603_1608Metric","light gate stopper"
R5,"10K","Resistor_SMD:R_0603_1608Metric","light gate pulldown (OFF at boot)"
R6,"1K","Resistor_SMD:R_0603_1608Metric","light series (boot-PWM contention)"
R7,"330","Resistor_SMD:R_0603_1608Metric","tank VCC series (dead-short -> 10 mA)"
R8,"10K","Resistor_SMD:R_0603_1608Metric","BOOT pull-up (SPI boot HIGH)"
R9,"10K","Resistor_SMD:R_0603_1608Metric","water pulldown (open probe ~0 = EMPTY)"
SW1,"BOOT-TACT","Button_Switch_THT:SW_PUSH-12mm","IO0 to GND for download mode"
U1A,"ESP32-CAM-ODD","Connector_PinHeader_2.54mm:PinHeader_1x08_P2.54mm_Vertical","AI-Thinker module, odd row (U1-1..15)"
U1B,"ESP32-CAM-EVEN","Connector_PinHeader_2.54mm:PinHeader_1x08_P2.54mm_Vertical","AI-Thinker module, even row (U1-2..16)"
U2,"DHT22","Connector_PinHeader_2.54mm:PinHeader_1x04_P2.54mm_Vertical","temp+humidity (DHT11 symbol, DHT22 pin-compatible)"
